Audit Board,Batch Name,Ballot Number,Storage Location,Tabulator,Ticket Numbers,Already Audited,Bennet,Biden,Bloomberg,Booker,Buttigieg,Gabbard,Klobuchar,Patrick,Sanders,Steyer,Warren,Write-In,O/U,,Dodge,Rountree,O/U,,Scearce,Setzer,O/U,,Nonpartisan,Total Ballots,,Bennet,Biden,Bloomberg,Booker,Buttigieg,Gabbard,Klobuchar,Patrick,Sanders,Steyer,Warren,Write-In,O/U,,Dodge,Rountree,O/U,,Scearce,Setzer,O/U,,Nonpartisan,,,
Audit Board #1,A0006,118,,,0.002343383,N,,,1,,,,,,,,,,,,1,,,,,,,,,2,,,,,,,,,,,,,,,,,,,,,,,,,,,
Audit Board #1,A0006,180,,,0.002368673,N,,,1,,,,,,,,,,,,1,,,,,,,,,,,,,,,,,,,,,,,,,,,,,,,,,,,,
Audit Board #1,A0014,176,,,0.001015005,N,,,,,,,,,1,,,,,,,1,,,,,,,,,,,,,,,,,,,,,,,,,,,,,,,,,,,
Audit Board #1,A0032,125,,,0.000373813,N,,,,,,,,,,,,,,,,,,,,1,,,,,,,,,,,,,,,,,,,,,,,,,,,,,,,
Audit Board #1,A0033,172,,,0.001433460,N,,,,,,,,,,,,,,,,,,,,1,,,,,,,,,,,,,,,,,,,,,,,,,,,,,,,
Audit Board #1,A0045,44,,,0.002081987,N,,,,,,,,,,,1,,,,1,,,,,,,,,,,,,,,,,,,,,,,,,,,,,,,,,,,,
Audit Board #1,A0049,197,,,0.001921544,N,,,,,,,,,,,,,,,,,,,,1,,,,,,,,,,,,,,,,,,,,,,,,,,,,,,,
Audit Board #1,A0052,112,,,0.000890795,N,,,,,,,,,,,,,,,,,,,,,,,1,,,,,,,,,,,,,,,,,,,,,,,,,,,,
Audit Board #1,A0052,182,,,0.000170916,N,,1,,,,,,,,,,,,,1,,,,,,,,,,,,,,,,,,,,,,,,,,,,,,,,,,,,
Audit Board #1,A0052,193,,,0.001770779,N,,,,,,,,,,,,,,,,,,,,1,,,,,,,,,,,,,,,,,,,,,,,,,,,,,,,
Audit Board #1,A0055,120,,,0.000516882,N,,,,,,,,,,,,,,,,,,,,1,,,,,,,,,,,,,,,,,,,,,,,,,,,,,,,
Audit Board #1,A0058,100,,,0.000219836,N,,,,,,,,,,,,,,,,,,,,1,,,,,,,,,,,,,,,,,,,,,,,,,,,,,,,
Audit Board #1,A0061,59,,,0.002790802,N,,,,,,,,,1,,,,,,,1,,,,,,,,,,,,,,,,,,,,,,,,,,,,,,,,,,,
Audit Board #1,A0061,101,,,0.001098325,N,,,,,,,,,,,,,,,,,,,,1,,,,,,,,,,,,,,,,,,,,,,,,,,,,,,,
Audit Board #1,A0063,107,,,0.001439660,N,,1,,,,,,,,,,,,,1,,,,,,,,,,,,,,,,,,,,,,,,,,,,,,,,,,,,
Audit Board #1,A0066,27,,,0.002677989,N,,1,,,,,,,,,,,,,1,,,,,,,,,,,,,,,,,,,,,,,,,,,,,,,,,,,,
Audit Board #1,A0066,119,,,0.000846013,N,,,,,,,,,,,,,,,,,,,,1,,,,,,,,,,,,,,,,,,,,,,,,,,,,,,,
Audit Board #1,A0075,30,,,0.001646881,N,,1,,,,,,,,,,,,,,,1,,,,,,,,,,,,,,,,,,,,,,,,,,,,,,,,,,
Audit Board #1,A0105,14,,,0.002598921,N,,,,,,,,,,,,,,,,,,,1,,,,,,,,,,,,,,,,,,,,,,,,,,,,,,,,
Audit Board #1,A0112,3,,,0.001540937,N,,,,,,,,,,,,,,,,,,,,1,,,,,,,,,,,,,,,,,,,,,,,,,,,,,,,
Audit Board #1,A0112,78,,,0.001810345,N,,1,,,,,,,,,,,,,1,,,,,,,,,,,,,,,,,,,,,,,,,,,,,,,,,,,,
Audit Board #1,A0116,124,,,0.002636181,N,,1,,,,,,,,,,,,,1,,,,,,,,,,,,,,,,,,,,,,,,,,,,,,,,,,,,
Audit Board #1,A0126,127,,,0.001056589,N,,,,,,,,,1,,,,,,1,,,,,,,,,,,,,,,,,,,,,,,,,,,,,,,,,,,,
Audit Board #1,A0134,51,,,0.000929417,N,,1,,,,,,,,,,,,,,1,,,,,,,,,,,,,,,,,,,,,,,,,,,,,,,,,,,
Audit Board #1,A0134,145,,,0.000105140,N,,1,,,,,,,,,,,,,,1,,,,,,,,,,,,,,,,,,,,,,,,,,,,,,,,,,,
Audit Board #1,A0147,8,,,0.000969113,N,,1,,,,,,,,,,,,,1,,,,,,,,,,,,,,,,,,,,,,,,,,,,,,,,,,,,
Audit Board #1,A0147,173,,,0.000427728,N,,1,,,,,,,,,,,,,,,1,,,,,,,,,,,,,,,,,,,,,,,,,,,,,,,,,,
Audit Board #1,A0153,82,,,0.002503808,N,,1,,,,,,,,,,,,,1,,,,,,,,,,,,,,,,,,,,,,,,,,,,,,,,,,,,
Audit Board #1,A0153,183,,,0.000892953,N,,,,,,,,,,,,,,,,,,,,1,,,,,,,,,,,,,,,,,,,,,,,,,,,,,,,
Audit Board #1,B0004,66,,,0.001683182,N,,,,,,,,,,,,,,,,,,,,1,,,,,,,,,,,,,,,,,,,,,,,,,,,,,,,
Audit Board #1,B0008,26,,,0.000819453,N,,1,,,,,,,,,,,,,,,1,,,,,,,,,0,11,2,0,0,0,0,0,3,0,1,0,0,0,11,4,2,0,1,11,0,0,1,0,0,0
Audit Board #1,B0010,151,,,0.002062921,N,,1,,,,,,,,,,,,,1,,,,,,,,,,,,,,,,,,,,,,,,,,,,,,,,,,,,
Audit Board #1,B0020,5,,,0.002663059,N,,,,,,,,,,,,,,,,,,,,,,,1,,,,,,,,,,,,,,,,,,,,,,,,,,,,
Audit Board #1,B0030,62,,,0.001235584,N,,1,,,,,,,,,,,,,1,,,,,,,,,,,,,,,,,,,,,,,,,,,,,,,,,,,,
Audit Board #1,B0032,59,,,0.000478850,N,,1,,,,,,,,,,,,,1,,,,,,,,,,,,,,,,,,,,,,,,,,,,,,,,,,,,
Audit Board #1,B0054,95,,,0.000401226,N,,1,,,,,,,,,,,,,1,,,,,,,,,,,,,,,,,,,,,,,,,,,,,,,,,,,,
Audit Board #1,B0054,143,,,0.003099695,N,,1,,,,,,,,,,,,,,1,,,,,,,,,,,,,,,,,,,,,,,,,,,,,,,,,,,
Audit Board #1,B0059,193,,,0.002130745,N,,,,,1,,,,,,,,,,1,,,,,,,,,,,,,,,,,,,,,,,,,,,,,,,,,,,,
Audit Board #1,B0071,53,,,0.001884545,N,,1,,,,,,,,,,,,,1,,,,,,,,,,,,,,,,,,,,,,,,,,,,,,,,,,,,
Audit Board #1,B0071,81,,,0.003159891,N,,1,,,,,,,,,,,,,1,,,,,,,,,,,,,,,,,,,,,,,,,,,,,,,,,,,,
Audit Board #1,B0071,125,,,0.000341256,N,,1,,,,,,,,,,,,,,1,,,,,,,,,,,,,,,,,,,,,,,,,,,,,,,,,,,
Audit Board #1,B0076,94,,,0.003094654,N,,,,,,,,,,,1,,,,1,,,,,,,,,,,,,,,,,,,,,,,,,,,,,,,,,,,,
Audit Board #1,B0076,100,,,0.002928668,N,,,,,,,,,,,,,,,,,,,,,1,,,,,,,,,,,,,,,,,,,,,,,,,,,,,,
Audit Board #1,B0076,104,,,0.002004905,N,,,,,,,,,,,,,,,,,,,,,1,,,,,,,,,,,,,,,,,,,,,,,,,,,,,,
Audit Board #1,B0082,193,,,0.001555805,N,,1,,,,,,,,,,,,,1,,,,,,,,,,,,,,,,,,,,,,,,,,,,,,,,,,,,
Audit Board #1,B0095,100,,,0.001479355,N,,1,,,,,,,,,,,,,,1,,,,,,,,,,,,,,,,,,,,,,,,,,,,,,,,,,,
Audit Board #1,B0095,196,,,0.003189356,N,,,,,,,,,,,,,,,,,,,,,1,,,,,,,,,,,,,,,,,,,,,,,,,,,,,,
Audit Board #1,B0105,158,,,0.000963295,N,,,,,,,,,,,,,,,,,,,1,,,,,,,,,,,,,,,,,,,,,,,,,,,,,,,,
Audit Board #1,B0129,95,,,0.003112992,N,,,,,,,,,,,,,,,,,,,,,,,1,,,,,,,,,,,,,,,,,,,,,,,,,,,,
Audit Board #1,B0136,115,,,0.002997188,N,,1,,,,,,,,,,,,,1,,,,,,,,,,,,,,,,,,,,,,,,,,,,,,,,,,,,
Audit Board #1,B0152,32,,,0.002829057,N,,,,,,,,,,,,,,,,,,,,,1,,,,,,,,,,,,,,,,,,,,,,,,,,,,,,
Audit Board #1,EARLY-2C,211,,,0.002958799,N,,,,,,,,,1,,,,,,1,,,,,,,,,,,,,,,,,,,,,,,,,,,,,,,,,,,,
Audit Board #1,EARLY-2C,230,,,0.001243921,N,,1,,,,,,,,,,,,,1,,,,,,,,,,,,,,,,,,,,,,,,,,,,,,,,,,,,
Audit Board #1,EARLY-2C,460,,,0.001531407,N,,1,,,,,,,,,,,,,1,,,,,,,,,,,,,,,,,,,,,,,,,,,,,,,,,,,,
Audit Board #1,EARLY-5,126,,,0.002676314,N,,,,,,,,,1,,,,,,,1,,,,,,,,,,,,,,,,,,,,,,,,,,,,,,,,,,,
Audit Board #1,EARLY-5,342,,,0.000953782,N,,1,,,,,,,,,,,,,1,,,,,,,,,,,,,,,,,,,,,,,,,,,,,,,,,,,,
Audit Board #1,EARLY-5,346,,,0.002502817,N,,1,,,,,,,,,,,,,1,,,,,,,,,,,,,,,,,,,,,,,,,,,,,,,,,,,,
Audit Board #1,EARLY-5,372,,,0.000544720,N,,1,,,,,,,,,,,,,,1,,,,,,,,,,,,,,,,,,,,,,,,,,,,,,,,,,,
Audit Board #1,EARLY-5,588,,,0.003038643,N,,,,,,,,,1,,,,,,,1,,,,,,,,,,,,,,,,,,,,,,,,,,,,,,,,,,,
Audit Board #1,EARLY-5,608,,,0.001698890,N,,1,,,,,,,,,,,,,1,,,,,,,,,,,,,,,,,,,,,,,,,,,,,,,,,,,,
Audit Board #2,A0009,42,,,0.001138360,N,,1,,,,,,,,,,,,,,1,,,,,,,,,,0,18,0,0,1,0,0,0,3,0,1,0,0,0,16,6,1,0,1,0,4,0,2,,,
Audit Board #2,A0018,75,,,0.000392507,N,,,,,,,,,,,,,,,,,,,1,,,,,,,,,,,,,,,,,,,,,,,,,,,,,,,,
Audit Board #2,A0036,39,,,0.001981174,N,,1,,,,,,,,,,,,,1,,,,,,,,,,,,,,,,,,,,,,,,,,,,,,,,,,,,
Audit Board #2,A0036,165,,,0.000546673,N,,1,,,,,,,,,,,,,,1,,,,,,,,,,,,,,,,,,,,,,,,,,,,,,,,,,,
Audit Board #2,A0039,2,,,0.002197489,N,,,,,,,1,,,,,,,,1,,,,,,,,,,,,,,,,,,,,,,,,,,,,,,,,,,,,
Audit Board #2,A0051,20,,,0.002639350,N,,1,,,,,,,,,,,,,,1,,,,,,,,,,,,,,,,,,,,,,,,,,,,,,,,,,,
Audit Board #2,A0054,70,,,0.001776737,N,,,,,,,,,,,,,,,,,,,,1,,,,,,,,,,,,,,,,,,,,,,,,,,,,,,,
Audit Board #2,A0073,121,,,0.001580393,N,,,,,,,,,1,,,,,,,1,,,,,,,,,,,,,,,,,,,,,,,,,,,,,,,,,,,
Audit Board #2,A0080,148,,,0.001603685,N,,1,,,,,,,,,,,,,1,,,,,,,,,,,,,,,,,,,,,,,,,,,,,,,,,,,,
Audit Board #2,A0082,199,,,0.001411001,N,,1,,,,,,,,,,,,,,1,,,,,,,,,,,,,,,,,,,,,,,,,,,,,,,,,,,
Audit Board #2,A0085,43,,,0.002175863,N,,,,,,,,,,,,,,,,,,,,1,,,,,,,,,,,,,,,,,,,,,,,,,,,,,,,
Audit Board #2,A0085,180,,,0.002224659,N,,1,,,,,,,,,,,,,1,,,,,,,,,,,,,,,,,,,,,,,,,,,,,,,,,,,,
Audit Board #2,A0086,58,,,0.002418835,N,,,,,,,,,,,,,,,,,,,,1,,,,,,,,,,,,,,,,,,,,,,,,,,,,,,,
Audit Board #2,A0086,122,,,0.001276481,N,,1,,,,,,,,,,,,,1,,,,,,,,,,,,,,,,,,,,,,,,,,,,,,,,,,,,
Audit Board #2,A0093,14,,,0.003178318,N,,,,,,,,,,,,,,,,,,,,1,,,,,,,,,,,,,,,,,,,,,,,,,,,,,,,
Audit Board #2,A0093,84,,,0.002882930,N,,1,,,,,,,,,,,,,,1,,,,,,,,,,,,,,,,,,,,,,,,,,,,,,,,,,,
Audit Board #2,A0093,182,,,0.000448370,N,,,,,,,,,,,,,,,,,,,,,1,,,,,,,,,,,,,,,,,,,,,,,,,,,,,,
Audit Board #2,A0095,116,,,0.000131179,N,,1,,,,,,,,,,,,,,1,,,,,,,,,,,,,,,,,,,,,,,,,,,,,,,,,,,
Audit Board #2,A0095,120,,,0.002215113,N,,1,,,,,,,,,,,,,,1,,,,,,,,,,,,,,,,,,,,,,,,,,,,,,,,,,,
Audit Board #2,A0101,142,,,0.002681739,N,,,,,,,,,,,,,,,,,,,,1,,,,,,,,,,,,,,,,,,,,,,,,,,,,,,,
Audit Board #2,A0113,128,,,0.000767084,N,,,,,,,,,,,,,,,,,,,,,1,,,,,,,,,,,,,,,,,,,,,,,,,,,,,,
Audit Board #2,A0114,165,,,0.001019605,N,,1,,,,,,,,,,,,,1,,,,,,,,,,,,,,,,,,,,,,,,,,,,,,,,,,,,
Audit Board #2,A0115,10,,,0.002426238,N,,,,,,,,,,,,,,,,,,,,,1,,,,,,,,,,,,,,,,,,,,,,,,,,,,,,
Audit Board #2,A0115,75,,,0.002468365,N,,,,,,,,,,,,,,,,,,,,1,,,,,,,,,,,,,,,,,,,,,,,,,,,,,,,
Audit Board #2,A0115,190,,,0.001368756,N,,,,,,,,,,,,,,,,,,,,1,,,,,,,,,,,,,,,,,,,,,,,,,,,,,,,
Audit Board #2,A0144,16,,,0.000597748,N,,1,,,,,,,,,,,,,,1,,,,,,,,,,,,,,,,,,,,,,,,,,,,,,,,,,,
Audit Board #2,A0144,63,,,0.002835749,N,,,,,,,,,,,,,1,,,1,,,,,,,,,,,,,,,,,,,,,,,,,,,,,,,,,,,
Audit Board #2,A0144,154,,,0.001652982,N,,,,,,,,,,,1,,,,1,,,,,,,,,,,,,,,,,,,,,,,,,,,,,,,,,,,,
Audit Board #2,A0150,196,,,0.001514336,N,,,,,,,,,,,,,,,,,,,,1,,,,,,,,,,,,,,,,,,,,,,,,,,,,,,,
Audit Board #2,B0012,63,,,0.002265900,N,,1,,,,,,,,,,,,,,1,,,,,,,,,,,,,,,,,,,,,,,,,,,,,,,,,,,
Audit Board #2,B0012,67,,,0.000079967,N,,1,,,,,,,,,,,,,1,,,,,,,,,,,0,14,0,0,0,0,1,0,1,0,1,0,1,0,7,11,0,0,1,8,3,0,0,,,
Audit Board #2,B0012,84,,,0.000702409,N,,1,,,,,,,,,,,,,1,,,,,,,,,,,,,,,,,,,,,,,,,,,,,,,,,,,,
Audit Board #2,B0041,78,,,0.000977177,N,,1,,,,,,,,,,,,,1,,,,,,,,,,,,,,,,,,,,,,,,,,,,,,,,,,,,
Audit Board #2,B0063,155,,,0.003027316,N,,,,,,,,,,,,,,,,,,,1,,,,,,,,,,,,,,,,,,,,,,,,,,,,,,,,
Audit Board #2,B0069,48,,,0.002202205,N,,,,,,,,,,,,,,,,,,,,,,,1,,,,,,,,,,,,,,,,,,,,,,,,,,,,
Audit Board #2,B0078,109,,,0.000109759,N,,1,,,,,,,,,,,,,1,,,,,,,,,,,,,,,,,,,,,,,,,,,,,,,,,,,,
Audit Board #2,B0089,160,,,0.003176101,N,,1,,,,,,,,,,,,,,1,,,,,,,,,,,,,,,,,,,,,,,,,,,,,,,,,,,
Audit Board #2,B0090,52,,,0.003041295,N,,,,,,,,,,,,,,,,,,,,1,,,,,,,,,,,,,,,,,,,,,,,,,,,,,,,
Audit Board #2,B0090,178,,,0.000455342,N,,1,,,,,,,,,,,,,1,,,,,,,,,,,,,,,,,,,,,,,,,,,,,,,,,,,,
Audit Board #2,B0099,158,,,0.002237918,N,,1,,,,,,,,,,,,,,1,,,,,,,,,,,,,,,,,,,,,,,,,,,,,,,,,,,
Audit Board #2,B0103,78,,,0.002063507,N,,1,,,,,,,,,,,,,,1,,,,,,,,,,,,,,,,,,,,,,,,,,,,,,,,,,,
Audit Board #2,B0103,119,,,0.001148355,N,,,,,,,,,,,,,,,,,,,,1,,,,,,,,,,,,,,,,,,,,,,,,,,,,,,,
Audit Board #2,B0106,85,,,0.000413616,N,,1,,,,,,,,,,,,,,1,,,,,,,,,,,,,,,,,,,,,,,,,,,,,,,,,,,
Audit Board #2,B0106,156,,,0.001663613,N,,,,,,,,,,,,,,,,,,,1,,,,,,,,,,,,,,,,,,,,,,,,,,,,,,,,
Audit Board #2,B0109,34,,,0.001546841,N,,,,,,,,,,,,,,,,,,,1,,,,,,,,,,,,,,,,,,,,,,,,,,,,,,,,
Audit Board #2,B0109,182,,,0.002557631,N,,,,,,,,,,,,,,,,,,,1,,,,,,,,,,,,,,,,,,,,,,,,,,,,,,,,
Audit Board #2,B0111,59,,,0.001750924,N,,1,,,,,,,,,,,,,1,,,,,,,,,,,,,,,,,,,,,,,,,,,,,,,,,,,,
Audit Board #2,B0112,91,,,0.001074483,N,,,,,,,,,,,,,,,,,,,1,,,,,,,,,,,,,,,,,,,,,,,,,,,,,,,,
Audit Board #2,B0115,128,,,0.000643318,N,,1,,,,,,,,,,,,,1,,,,,,,,,,,,,,,,,,,,,,,,,,,,,,,,,,,,
Audit Board #2,B0128,29,,,0.000465108,N,,,,,,,,,1,,,,,,1,,,,,,,,,,,,,,,,,,,,,,,,,,,,,,,,,,,,
Audit Board #2,B0137,130,,,0.002461414,N,,,,,,,,,1,,,,,,,1,,,,,,,,,,,,,,,,,,,,,,,,,,,,,,,,,,,
Audit Board #2,B0137,192,,,0.002956625,N,,,,,,,,,1,,,,,,,,1,,,,,,,,,,,,,,,,,,,,,,,,,,,,,,,,,,
Audit Board #2,B0141,163,,,0.002309581,N,,,,,,,,,,,,,,,,,,,1,,,,,,,,,,,,,,,,,,,,,,,,,,,,,,,,
Audit Board #2,B0143,38,,,0.002743123,N,,1,,,,,,,,,,,,,,,1,,,,,,,,,,,,,,,,,,,,,,,,,,,,,,,,,,
Audit Board #2,EARLY-3B,188,,,0.000805583,N,,1,,,,,,,,,,,,,1,,,,,,,,,,,,,,,,,,,,,,,,,,,,,,,,,,,,
Audit Board #2,EARLY-3B,231,,,0.001911458,N,,1,,,,,,,,,,,,,1,,,,,,,,,,,,,,,,,,,,,,,,,,,,,,,,,,,,
Audit Board #2,EARLY-3B,384,,,0.002356703,N,,,,,,,,,,,,,,,,,,,,1,,,,,,,,,,,,,,,,,,,,,,,,,,,,,,,
Audit Board #2,EARLY-3B,448,,,0.002382308,N,,,,,,,,,,,,,,,,,,,1,,,,,,,,,,,,,,,,,,,,,,,,,,,,,,,,
Audit Board #2,EARLY-3B,506,,,0.000931588,N,,1,,,,,,,,,,,,,,1,,,,,,,,,,,,,,,,,,,,,,,,,,,,,,,,,,,
Audit Board #2,EARLY-3B,663,,,0.000890268,N,,,,,,,,,1,,,,,,,,1,,,,,,,,,,,,,,,,,,,,,,,,,,,,,,,,,,
Audit Board #3,A0015,197,,,0.001766166,N,,1,,,,,,,,,,,,,1,,,,,,,,,,,0,15,0,0,0,0,0,0,4,0,0,0,0,0,10,6,3,0,7,3,0,0,1,,,
Audit Board #3,A0028,178,,,0.000310102,N,,,,,,,,,1,,,,,,1,,,,,,,,,,,,,,,,,,,,,,,,,,,,,,,,,,,,
Audit Board #3,A0041,101,,,0.001578704,N,,1,,,,,,,,,,,,,1,,,,,,,,,,,,,,,,,,,,,,,,,,,,,,,,,,,,
Audit Board #3,A0044,52,,,0.001803071,N,,1,,,,,,,,,,,,,1,,,,,,,,,,,,,,,,,,,,,,,,,,,,,,,,,,,,
Audit Board #3,A0044,177,,,0.002595042,N,,1,,,,,,,,,,,,,1,,,,,,,,,,,,,,,,,,,,,,,,,,,,,,,,,,,,
Audit Board #3,A0087,95,,,0.001078515,N,,,,,,,,,,,,,,,,,,,,,,,1,,,,,,,,,,,,,,,,,,,,,,,,,,,,
Audit Board #3,A0098,175,,,0.001840214,N,,,,,,,,,1,,,,,,1,,,,,,,,,,,,,,,,,,,,,,,,,,,,,,,,,,,,
Audit Board #3,A0100,181,,,0.000611430,N,,,1,,,,,,,,,,,,1,,,,,,,,,,,,,,,,,,,,,,,,,,,,,,,,,,,,
Audit Board #3,A0111,195,,,0.002375348,N,,,,,,,,,1,,,,,,,1,,,,,,,,,,,,,,,,,,,,,,,,,,,,,,,,,,,
Audit Board #3,A0123,102,,,0.000039811,N,,1,,,,,,,,,,,,,1,,,,,,,,,,,,,,,,,,,,,,,,,,,,,,,,,,,,
Audit Board #3,A0124,89,,,0.000828686,N,,1,,,,,,,,,,,,,,1,,,,,,,,,,,,,,,,,,,,,,,,,,,,,,,,,,,
Audit Board #3,A0148,102,,,0.000557001,N,,,,,,,,,,,,,,,,,,,,1,,,,,,,,,,,,,,,,,,,,,,,,,,,,,,,
Audit Board #3,A0148,117,,,0.001564193,N,,1,,,,,,,,,,,,,1,,,,,,,,,,,,,,,,,,,,,,,,,,,,,,,,,,,,
Audit Board #3,A0149,19,,,0.000566287,N,,1,,,,,,,,,,,,,,1,,,,,,,,,,,,,,,,,,,,,,,,,,,,,,,,,,,
Audit Board #3,A0149,67,,,0.001417637,N,,,,,,,,,,,,,,,,,,,,,1,,,,,,,,,,,,,,,,,,,,,,,,,,,,,,
Audit Board #3,A0152,56,,,0.000575386,N,,,,,,,,,,,,,,,,,,,,1,,,,,,,,,,,,,,,,,,,,,,,,,,,,,,,
Audit Board #3,A0152,190,,,0.000902895,N,,1,,,,,,,,,,,,,1,,,,,,,,,,,,,,,,,,,,,,,,,,,,,,,,,,,,
Audit Board #3,A0152,196,,,0.001186290,N,,1,,,,,,,,,,,,,,,1,,,,,,,,,,,,,,,,,,,,,,,,,,,,,,,,,,
Audit Board #3,AAI-02,128,,,0.002400088,N,,,,,,,,,,,,,,,,,,,,1,,,,,,,,,,,,,,,,,,,,,,,,,,,,,,,
Audit Board #3,B0016,67,,,0.001041620,N,,1,,,,,,,,,,,,,1,,,,,,,,,,,,,,,,,,,,,,,,,,,,,,,,,,,,
Audit Board #3,B0019,85,,,0.000057655,N,,,,,,,,,,,,,,,,,,,,1,,,,,,,,,,,,,,,,,,,,,,,,,,,,,,,
Audit Board #3,B0031,14,,,0.001919394,N,,1,,,,,,,,,,,,,1,,,,,,,,,,,,,,,,,,,,,,,,,,,,,,,,,,,,
Audit Board #3,B0035,48,,,0.003048522,N,,,,,,,,,,,,,,,,,,,,1,,,,,,,,,,,,,,,,,,,,,,,,,,,,,,,
Audit Board #3,B0035,64,,,0.000031893,N,,,,,,,,,,,,,,,,,,,,,1,,,,,,,,,,,,,,,,,,,,,,,,,,,,,,
Audit Board #3,B0042,6,,,0.000659609,N,,1,,,,,,,,,,,,,1,,,,,,,,,,,,,,,,,,,,,,,,,,,,,,,,,,,,
Audit Board #3,B0042,56,,,0.001486275,N,,,,,,,,,,,,,,,,,,,,1,,,,,,,,,,,,,,,,,,,,,,,,,,,,,,,
Audit Board #3,B0042,156,,,0.001189077,N,,1,,,,,,,,,,,,,1,,,,,,,,,,,,,,,,,,,,,,,,,,,,,,,,,,,,
Audit Board #3,B0044,158,,,0.001742457,N,,,,,,,,,,,,,,,,,,,,1,,,,,,,,,,,,,,,,,,,,,,,,,,,,,,,
Audit Board #3,B0044,183,,,0.001843547,N,,,,,,,,,,,,,,,,,,,,1,,,,,,,,,,,,,,,,,,,,,,,,,,,,,,,
Audit Board #3,B0046,126,,,0.000698311,N,,1,,,,,,,,,,,,,,1,,,,,,,,,,,,,,,,,,,,,,,,,,,,,,,,,,,
Audit Board #3,B0048,40,,,0.002952433,N,,1,,,,,,,,,,,,,1,,,,,,,,,,,0,15,1,0,0,0,0,0,3,0,0,0,0,0,14,4,1,0,0,8,2,0,1,,,
Audit Board #3,B0051,15,,,0.002600710,N,,1,,,,,,,,,,,,,1,,,,,,,,,,,,,,,,,,,,,,,,,,,,,,,,,,,,
Audit Board #3,B0058,2,,,0.000513521,N,,1,,,,,,,,,,,,,,1,,,,,,,,,,,,,,,,,,,,,,,,,,,,,,,,,,,
Audit Board #3,B0060,123,,,0.001223143,N,,,,,,,,,,,,,,,,,,,,1,,,,,,,,,,,,,,,,,,,,,,,,,,,,,,,
Audit Board #3,B0065,69,,,0.001491198,N,,1,,,,,,,,,,,,,,1,,,,,,,,,,,,,,,,,,,,,,,,,,,,,,,,,,,
Audit Board #3,B0065,181,,,0.001913381,N,,,,,,,,,,,,,,,,,,,,1,,,,,,,,,,,,,,,,,,,,,,,,,,,,,,,
Audit Board #3,B0065,182,,,0.001754577,N,,1,,,,,,,,,,,,,,1,,,,,,,,,,,,,,,,,,,,,,,,,,,,,,,,,,,
Audit Board #3,B0068,54,,,0.002728917,N,,1,,,,,,,,,,,,,,,1,,,,,,,,,,,,,,,,,,,,,,,,,,,,,,,,,,
Audit Board #3,B0068,150,,,0.002849397,N,,1,,,,,,,,,,,,,,1,,,,,,,,,,,,,,,,,,,,,,,,,,,,,,,,,,,
Audit Board #3,B0081,38,,,0.002316148,N,,1,,,,,,,,,,,,,1,,,,,,,,,,,,,,,,,,,,,,,,,,,,,,,,,,,,
Audit Board #3,B0085,141,,,0.001626320,N,,1,,,,,,,,,,,,,,1,,,,,,,,,,,,,,,,,,,,,,,,,,,,,,,,,,,
Audit Board #3,B0093,51,,,0.002746584,N,,1,,,,,,,,,,,,,,1,,,,,,,,,,,,,,,,,,,,,,,,,,,,,,,,,,,
Audit Board #3,B0096,148,,,0.001198678,N,,1,,,,,,,,,,,,,1,,,,,,,,,,,,,,,,,,,,,,,,,,,,,,,,,,,,
Audit Board #3,B0131,55,,,0.001277342,N,,,,,,,,,,,,,,,,,,,,1,,,,,,,,,,,,,,,,,,,,,,,,,,,,,,,
Audit Board #3,B0131,75,,,0.000547712,N,,,,,,,,,,,,,1,,,,1,,,,,,,,,,,,,,,,,,,,,,,,,,,,,,,,,,
Audit Board #3,B0132,184,,,0.002698726,N,,,,,,,,,,,,,,,,,,,1,,,,,,,,,,,,,,,,,,,,,,,,,,,,,,,,
Audit Board #3,B0139,133,,,0.001555389,N,,,,,,,,,1,,,,,,,,1,,,,,,,,,,,,,,,,,,,,,,,,,,,,,,,,,,
Audit Board #3,B0142,17,,,0.000813519,N,,,,,,,,,,,,,,,,,,,1,,,,,,,,,,,,,,,,,,,,,,,,,,,,,,,,
Audit Board #3,B0142,93,,,0.001714624,N,,1,,,,,,,,,,,,,1,,,,,,,,,,,,,,,,,,,,,,,,,,,,,,,,,,,,
Audit Board #3,EARLY-2A,58,,,0.002462201,N,,1,,,,,,,,,,,,,1,,,,,,,,,,,,,,,,,,,,,,,,,,,,,,,,,,,,
Audit Board #3,EARLY-2A,194,,,0.003038537,N,,1,,,,,,,,,,,,,,,1,,,,,,,,,,,,,,,,,,,,,,,,,,,,,,,,,,
Audit Board #3,EARLY-2A,516,,,0.002943549,N,,1,,,,,,,,,,,,,1,,,,,,,,,,,,,,,,,,,,,,,,,,,,,,,,,,,,
Audit Board #3,EARLY-2B,90,,,0.000346082,N,,,1,,,,,,,,,,,,1,,,,,,,,,,,,,,,,,,,,,,,,,,,,,,,,,,,,
Audit Board #3,EARLY-2B,172,,,0.002123676,N,,1,,,,,,,,,,,,,,1,,,,,,,,,,,,,,,,,,,,,,,,,,,,,,,,,,,
Audit Board #3,EARLY-2B,297,,,0.001580697,N,,,,,,,,,1,,,,,,,,1,,,,,,,,,,,,,,,,,,,,,,,,,,,,,,,,,,
Audit Board #3,EARLY-2B,328,,,0.002840591,N,,,,,,,,,,,,,,,,,,,,1,,,,,,,,,,,,,,,,,,,,,,,,,,,,,,,
Audit Board #3,EARLY-2B,395,,,0.001925632,N,,1,,,,,,,,,,,,,1,,,,,,,,,,,,,,,,,,,,,,,,,,,,,,,,,,,,
Audit Board #3,EARLY-2B,464,,,0.001933967,N,,1,,,,,,,,,,,,,,1,,,,,,,,,,,,,,,,,,,,,,,,,,,,,,,,,,,
Audit Board #3,PROV-1,169,,,0.002990595,N,,1,,,,,,,,,,,,,,1,,,,,,,,,,,,,,,,,,,,,,,,,,,,,,,,,,,
Audit Board #3,PROV-1,188,,,0.001330926,N,,,,,,,,,,,,,,,,,,,,1,,,,,,,,,,,,,,,,,,,,,,,,,,,,,,,
Audit Board #4,A0007,148,,,0.002553084,N,,1,,,,,,,,,,,,,1,,,,,,,,,,,0,19,1,0,0,0,0,0,2,0,0,0,1,0,9,9,5,0,2,5,0,0,0,,,
Audit Board #4,A0007,188,,,0.001953281,N,,,,,,,,,,,,,,,,,,,,1,,,,,,,,,,,,,,,,,,,,,,,,,,,,,,,
Audit Board #4,A0011,24,,,0.002446008,N,,1,,,,,,,,,,,,,,1,,,,,,,,,,,,,,,,,,,,,,,,,,,,,,,,,,,
Audit Board #4,A0011,180,,,0.000690567,N,,1,,,,,,,,,,,,,1,,,,,,,,,,,,,,,,,,,,,,,,,,,,,,,,,,,,
Audit Board #4,A0019,50,,,0.003108241,N,,,,,,,,,,,,,,,,,,,1,,,,,,,,,,,,,,,,,,,,,,,,,,,,,,,,
Audit Board #4,A0025,71,,,0.000212832,N,,,,,,,,,,,,,,,,,,,,,,,1,,,,,,,,,,,,,,,,,,,,,,,,,,,,
Audit Board #4,A0042,63,,,0.001158216,N,,,,,,,,,,,,,,,,,,,1,,,,,,,,,,,,,,,,,,,,,,,,,,,,,,,,
Audit Board #4,A0053,195,,,0.000083569,N,,1,,,,,,,,,,,,,1,,,,,,,,,,,,,,,,,,,,,,,,,,,,,,,,,,,,
Audit Board #4,A0057,197,,,0.001999864,N,,1,,,,,,,,,,,,,1,,,,,,,,,,,,,,,,,,,,,,,,,,,,,,,,,,,,
Audit Board #4,A0060,3,,,0.000984430,N,,1,,,,,,,,,,,,,1,,,,,,,,,,,,,,,,,,,,,,,,,,,,,,,,,,,,
Audit Board #4,A0062,9,,,0.002775437,N,,,,,,,,,,,,,,,,,,,,1,,,,,,,,,,,,,,,,,,,,,,,,,,,,,,,
Audit Board #4,A0068,73,,,0.001587098,N,,1,,,,,,,,,,,,,1,,,,,,,,,,,,,,,,,,,,,,,,,,,,,,,,,,,,
Audit Board #4,A0078,184,,,0.000388803,N,,1,,,,,,,,,,,,,1,,,,,,,,,,,,,,,,,,,,,,,,,,,,,,,,,,,,
Audit Board #4,A0094,27,,,0.000018061,N,,,,,,,,,,,,,,,,,,,1,,,,,,,,,,,,,,,,,,,,,,,,,,,,,,,,
Audit Board #4,A0094,44,,,0.001989999,N,,,,,,,,,,,,,,,,,,,,,1,,,,,,,,,,,,,,,,,,,,,,,,,,,,,,
Audit Board #4,A0094,49,,,0.002897828,N,,,,,,,,,,,,,,,,,,,,,,,1,,,,,,,,,,,,,,,,,,,,,,,,,,,,
Audit Board #4,A0102,116,,,0.001391698,N,,,,,,,,,,,,,,,,,,,,,1,,,,,,,,,,,,,,,,,,,,,,,,,,,,,,
Audit Board #4,A0104,30,,,0.001778986,N,,1,,,,,,,,,,,,,,1,,,,,,,,,,,,,,,,,,,,,,,,,,,,,,,,,,,
Audit Board #4,A0107,64,,,0.000709300,N,,,,,,,,,,,,,,,,,,,,1,,,,,,,,,,,,,,,,,,,,,,,,,,,,,,,
Audit Board #4,A0107,155,,,0.002369808,N,,,,,,,,,,,,,,,,,,,,1,,,,,,,,,,,,,,,,,,,,,,,,,,,,,,,
Audit Board #4,A0122,60,,,0.001406161,N,,,,,,,,,,,,,,,,,,,,1,,,,,,,,,,,,,,,,,,,,,,,,,,,,,,,
Audit Board #4,A0122,158,,,0.002021678,N,,,,,,,,,,,,,,,,,,,,1,,,,,,,,,,,,,,,,,,,,,,,,,,,,,,,
Audit Board #4,A0132,74,,,0.000863103,N,,1,,,,,,,,,,,,,,1,,,,,,,,,,,,,,,,,,,,,,,,,,,,,,,,,,,
Audit Board #4,A0132,99,,,0.001072903,N,,1,,,,,,,,,,,,,1,,,,,,,,,,,,,,,,,,,,,,,,,,,,,,,,,,,,
Audit Board #4,A0132,151,,,0.003165735,N,,,,,,,,,,,,,,,,,,,1,,,,,,,,,,,,,,,,,,,,,,,,,,,,,,,,
Audit Board #4,A0133,7,,,0.002662215,N,,1,,,,,,,,,,,,,,1,,,,,,,,,,,,,,,,,,,,,,,,,,,,,,,,,,,
Audit Board #4,A0136,12,,,0.002608615,N,,,,,,,,,1,,,,,,,1,,,,,,,,,,,,,,,,,,,,,,,,,,,,,,,,,,,
Audit Board #4,A0139,184,,,0.001936992,N,,1,,,,,,,,,,,,,,1,,,,,,,,,,,,,,,,,,,,,,,,,,,,,,,,,,,
Audit Board #4,A0140,121,,,0.001151403,N,,,,,,,,,,,,,,,,,,,,1,,,,,,,,,,,,,,,,,,,,,,,,,,,,,,,
Audit Board #4,A0146,30,,,0.002598887,N,,,,,,,,,,,,,,,,,,,1,,,,,,,,,,,,,,,,,,,,,,,,,,,,,,,,
Audit Board #4,A0151,32,,,0.002627937,N,,1,,,,,,,,,,,,,1,,,,,,,,,,,0,13,0,0,0,0,0,0,1,0,0,0,0,0,8,6,0,0,5,7,2,0,2,,,
Audit Board #4,A0151,74,,,0.000098652,N,,1,,,,,,,,,,,,,1,,,,,,,,,,,,,,,,,,,,,,,,,,,,,,,,,,,,
Audit Board #4,AAI-04,189,,,0.002432280,N,,,,,,,,,,,,,1,,1,,,,,,,,,,,,,,,,,,,,,,,,,,,,,,,,,,,,
Audit Board #4,AAI-06,125,,,0.001617160,N,,,,,,,,,,,,,,,,,,,1,,,,,,,,,,,,,,,,,,,,,,,,,,,,,,,,
Audit Board #4,B0007,42,,,0.001814897,N,,,,,,,,,,,,,,,,,,,,1,,,,,,,,,,,,,,,,,,,,,,,,,,,,,,,
Audit Board #4,B0025,194,,,0.000223250,N,,,,,,,,,,,,,,,,,,,,1,,,,,,,,,,,,,,,,,,,,,,,,,,,,,,,
Audit Board #4,B0036,35,,,0.000858402,N,,,,,,,,,,,,,1,,1,,,,,,,,,,,,,,,,,,,,,,,,,,,,,,,,,,,,
Audit Board #4,B0084,114,,,0.000266026,N,,1,,,,,,,,,,,,,,,1,,,,,,,,,,,,,,,,,,,,,,,,,,,,,,,,,,
Audit Board #4,B0092,63,,,0.000062352,N,,,,,,,,,,,,,,,,,,,1,,,,,,,,,,,,,,,,,,,,,,,,,,,,,,,,
Audit Board #4,B0092,153,,,0.001707091,N,,,,,1,,,,,,,,,,1,,,,,,,,,,,,,,,,,,,,,,,,,,,,,,,,,,,,
Audit Board #4,B0094,118,,,0.000214625,N,,,,,,,,,,,,,,,,,,,,1,,,,,,,,,,,,,,,,,,,,,,,,,,,,,,,
Audit Board #4,B0094,178,,,0.000544493,N,,,,,,,,,,,,,,,,,,,,1,,,,,,,,,,,,,,,,,,,,,,,,,,,,,,,
Audit Board #4,B0100,9,,,0.002150200,N,,1,,,,,,,,,,,,,1,,,,,,,,,,,,,,,,,,,,,,,,,,,,,,,,,,,,
Audit Board #4,B0100,13,,,0.001481288,N,,1,,,,,,,,,,,,,1,,,,,,,,,,,,,,,,,,,,,,,,,,,,,,,,,,,,
Audit Board #4,B0123,169,,,0.001517783,N,,,,,,,,,,,,,,,,,,,,1,,,,,,,,,,,,,,,,,,,,,,,,,,,,,,,
Audit Board #4,B0124,90,,,0.001357774,N,,1,,,,,,,,,,,,,,1,,,,,,,,,,,,,,,,,,,,,,,,,,,,,,,,,,,
Audit Board #4,B0124,95,,,0.002840233,N,,1,,,,,,,,,,,,,,1,,,,,,,,,,,,,,,,,,,,,,,,,,,,,,,,,,,
Audit Board #4,B0124,175,,,0.001605444,N,,,,,,,,,,,1,,,,1,,,,,,,,,,,,,,,,,,,,,,,,,,,,,,,,,,,,
Audit Board #4,B0134,52,,,0.000893669,N,,1,,,,,,,,,,,,,,1,,,,,,,,,,,,,,,,,,,,,,,,,,,,,,,,,,,
Audit Board #4,B0140,135,,,0.001613742,N,,,,,,,,,,,,,,,,,,,1,,,,,,,,,,,,,,,,,,,,,,,,,,,,,,,,
Audit Board #4,B0140,143,,,0.000669863,N,,1,,,,,,,,,,,,,1,,,,,,,,,,,,,,,,,,,,,,,,,,,,,,,,,,,,
Audit Board #4,B0146,142,,,0.002961209,N,,,,,,,,,,,,,,,,,,,,1,,,,,,,,,,,,,,,,,,,,,,,,,,,,,,,
Audit Board #4,EARLY-3A,333,,,0.002967050,N,,,,,,,,,,,,,,,,,,,,1,,,,,,,,,,,,,,,,,,,,,,,,,,,,,,,
Audit Board #4,EARLY-3A,494,,,0.002103582,N,,1,,,,,,,,,,,,,1,,,,,,,,,,,,,,,,,,,,,,,,,,,,,,,,,,,,
Audit Board #4,EARLY-3A,540,,,0.001866670,N,,1,,,,,,,,,,,,,1,,,,,,,,,,,,,,,,,,,,,,,,,,,,,,,,,,,,
Audit Board #4,EARLY-3A,566,,,0.001661119,N,,,,,,,,,1,,,,,,1,,,,,,,,,,,,,,,,,,,,,,,,,,,,,,,,,,,,
Audit Board #4,EARLY-4,116,,,0.000576479,N,,1,,,,,,,,,,,,,1,,,,,,,,,,,,,,,,,,,,,,,,,,,,,,,,,,,,
Audit Board #4,EARLY-6,344,,,0.001888002,N,,1,,,,,,,,,,,,,,1,,,,,,,,,,,,,,,,,,,,,,,,,,,,,,,,,,,
Audit Board #4,EARLY-6,384,,,0.003032824,N,,,,,,,,,1,,,,,,,1,,,,,,,,,,,,,,,,,,,,,,,,,,,,,,,,,,,
Audit Board #4,EARLY-6,667,,,0.002330398,N,,,,,,,,,1,,,,,,1,,,,,,,,,,,,,,,,,,,,,,,,,,,,,,,,,,,,
,,,,,,,0,118,4,0,2,0,1,0,20,0,4,0,4,0,89,51,13,0,20,49,11,0,7,2,0,0,13,0,0,1,0,0,0,3,0,1,0,2,0,14,5,1,0,3,7,0,0,0,,,
,,Round 1,0,118,4,0,2,0,1,0,20,0,4,1,3,,89,51,13,,20,49,11,,7,,240,,,,,,,,,,,,,,,,,,,,,,,,,,,,,,